fv_heavy_aho,fv_light_aho,fv_heavy_aho_seed,fv_light_aho_seed
YATCGFYAFT,,-CTADKV-IY,
WAGSSFYALD,,-CTADKV-IY,
WIVAGFFVFR,,-CTADKV-IY,
WGGTGLYAFV,,-CTADKV-IY,
WASRGFYAFT,,-CTADKV-IY,
WSTSGLYAFD,,-CTADKV-IY,
WDGLSFYTFD,,-CTADKV-IY,
WGSYSFYAFV,,-CTADKV-IY,
WSSTGLYAYT,,-CTADKV-IY,
WSAPAFYAFA,,-CTADKV-IY,
WGGSGFYAFD,,-CTADKV-IY,
WGNFGLYVYR,,-CTADKV-IY,
YSSSAFYAYT,,-CTADKV-IY,
YGPVGFYAFD,,-CTADKV-IY,
WASFGFYAFD,,-CTADKV-IY,
WLVSSFYAFV,,-CTADKV-IY,
YSACGLYAFA,,-CTADKV-IY,
WGANGFYAFD,,-CTADKV-IY,
WLTSGFYAFV,,-CTADKV-IY,
YSSSGLYAFA,,-CTADKV-IY,
WLGCGFYAFA,,-CTADKV-IY,
WGGLSMYAFV,,-CTADKV-IY,
WRGIGFYAYA,,-CTADKV-IY,
FAGFGFYAFD,,-CTADKV-IY,
WLSGGLYAFD,,-CTADKV-IY,
WALPGFYAFD,,-CTADKV-IY,
WGGVGFYAFA,,-CTADKV-IY,
FGVLGFFAFR,,-CTADKV-IY,
WGSFGFYAFD,,-CTADKV-IY,
WSATSFFVYA,,-CTADKV-IY,
YLTSGFYVLR,,-CTADKV-IY,
YHLNGFYVFR,,-CTADKV-IY,
WAAFSMYALT,,-CTADKV-IY,
WLAFGLYAFA,,-CTADKV-IY,
YGGCGFYVFA,,-CTADKV-IY,
WGTLGFYTFD,,-CTADKV-IY,
YGPFGFYAFT,,-CTADKV-IY,
FGGPGLYAFV,,-CTADKV-IY,
WGACGMYAFT,,-CTADKV-IY,
WSGAGFYAFD,,-CTADKV-IY,
WASFGLYAYA,,-CTADKV-IY,
WASAGFYAYD,,-CTADKV-IY,
YGVSGFYALL,,-CTADKV-IY,
WGGYGFYAFA,,-CTADKV-IY,
WSPGGLYAFD,,-CTADKV-IY,
YRGAGLYAFD,,-CTADKV-IY,
WGGSSFYVYD,,-CTADKV-IY,
WLASGLYAHV,,-CTADKV-IY,
WDSAAFYVYL,,-CTADKV-IY,
WSSSGFYTFV,,-CTADKV-IY,
YADSGMYVFV,,-CTADKV-IY,
WLAYGMYAFA,,-CTADKV-IY,
WDSSSFYAFD,,-CTADKV-IY,
WLVCGFYVFV,,-CTADKV-IY,
WLSSGFYAYV,,-CTADKV-IY,
WGSSGLYAFV,,-CTADKV-IY,
WHVSGMYTFD,,-CTADKV-IY,
WGASAFYVFD,,-CTADKV-IY,
WLGVGSYVYV,,-CTADKV-IY,
WAGVGLYVFV,,-CTADKV-IY,
WGGCSFYAYV,,-CTADKV-IY,
WRASGLYAFD,,-CTADKV-IY,
WLRGGMYALA,,-CTADKV-IY,
WLSYGLYAFT,,-CTADKV-IY,
YAIPGFYAFS,,-CTADKV-IY,
YALASFYTFA,,-CTADKV-IY,
WLVSGMYAFD,,-CTADKV-IY,
WGDSGMYTFD,,-CTADKV-IY,
WLASGFYAFD,,-CTADKV-IY,
WNATSLYVYA,,-CTADKV-IY,
WSAPGFYMFA,,-CTADKV-IY,
WSNSSFYVLD,,-CTADKV-IY,
WATVGMYAFD,,-CTADKV-IY,
WHSTGFYAYA,,-CTADKV-IY,
WGGSGLYAFL,,-CTADKV-IY,
YAATGMYALV,,-CTADKV-IY,
YSVSGMYAFA,,-CTADKV-IY,
WPLSSFYVFA,,-CTADKV-IY,
WGHSGLYVFV,,-CTADKV-IY,
WLGSGFYVFD,,-CTADKV-IY,
WGPAGFYAFA,,-CTADKV-IY,
WLACGFYALD,,-CTADKV-IY,
YTAVGFYVFD,,-CTADKV-IY,
WGSCGLYAYD,,-CTADKV-IY,
WLGGGFYAFV,,-CTADKV-IY,
YAASGLYAFV,,-CTADKV-IY,
WIAFGFYAYV,,-CTADKV-IY,
YSSGGFYVYT,,-CTADKV-IY,
WGGGGMYVFL,,-CTADKV-IY,
WPAAGMYAYR,,-CTADKV-IY,
YADAALFAFV,,-CTADKV-IY,
YGANSFYAFL,,-CTADKV-IY,
WGGFGLYAYT,,-CTADKV-IY,
YGSSSFYVFA,,-CTADKV-IY,
WSALGFYAFG,,-CTADKV-IY,
WSGAGFYAFV,,-CTADKV-IY,
WGGSGLYVFV,,-CTADKV-IY,
WTGPGFYVFV,,-CTADKV-IY,
WGAAGFYAFD,,-CTADKV-IY,
WLTPGFYAFA,,-CTADKV-IY,
FSASGFYAFA,,QCFYCL-MTM,
WDDLGFYTFV,,QCFYCL-MTM,
YAADGFYVYV,,QCFYCL-MTM,
WGVNGFYTFV,,QCFYCL-MTM,
WLAVGFYAFA,,QCFYCL-MTM,
WSLDGFYVFD,,QCFYCL-MTM,
FLGSGFYTFT,,QCFYCL-MTM,
WGAPGFYAYV,,QCFYCL-MTM,
WASFGFYVFD,,QCFYCL-MTM,
WSVFGLFAYD,,QCFYCL-MTM,
WGPSGLYALL,,QCFYCL-MTM,
WLAFGFFALD,,QCFYCL-MTM,
WARPGFYVFA,,QCFYCL-MTM,
YVAVGFYAYR,,QCFYCL-MTM,
YTASGFYAFD,,QCFYCL-MTM,
WATSGLYVFA,,QCFYCL-MTM,
WGASGLYVLR,,QCFYCL-MTM,
WLGSGLYVFD,,QCFYCL-MTM,
WSGSGFYVFA,,QCFYCL-MTM,
WGAPGFYTFD,,QCFYCL-MTM,
WLAIGFYVFA,,QCFYCL-MTM,
WPACGFYVYA,,QCFYCL-MTM,
WGALGFFAFV,,QCFYCL-MTM,
WGGRGFYVFV,,QCFYCL-MTM,
WSLSGFYVFA,,QCFYCL-MTM,
WGAVSFYAFA,,QCFYCL-MTM,
WAACGLYVFV,,QCFYCL-MTM,
WLAFGFYAFV,,QCFYCL-MTM,
WAGAGFYAFA,,QCFYCL-MTM,
WGVSSMYAFV,,QCFYCL-MTM,
WAASSFYAFD,,QCFYCL-MTM,
WLVSGLYAFV,,QCFYCL-MTM,
YARGGFYTFA,,QCFYCL-MTM,
YHAPGLYAYL,,QCFYCL-MTM,
WGSTGMYAFA,,QCFYCL-MTM,
WAMSGMYAFR,,QCFYCL-MTM,
YGATGFYVFT,,QCFYCL-MTM,
WGGCGLYAFD,,QCFYCL-MTM,
WGSSGMYALA,,QCFYCL-MTM,
YSACGFYVFR,,QCFYCL-MTM,
WSASGLYAFD,,QCFYCL-MTM,
WADSGMYAFA,,QCFYCL-MTM,
WATPSLYAFD,,QCFYCL-MTM,
WGASGFYAFA,,QCFYCL-MTM,
WGACGFYVFD,,QCFYCL-MTM,
WGSPGFYTFA,,QCFYCL-MTM,
WGASGFYAYT,,QCFYCL-MTM,
WAGVGFYVLD,,QCFYCL-MTM,
WGAVGFYAFA,,QCFYCL-MTM,
FGGPSFYAFL,,QCFYCL-MTM,
YGDVGFYVFD,,QCFYCL-MTM,
WLASGFYAFV,,QCFYCL-MTM,
WAAGGLYTFT,,QCFYCL-MTM,
WGASGFYAYR,,QCFYCL-MTM,
WAVLGFYVFR,,QCFYCL-MTM,
FGSSSYYLFD,,QCFYCL-MTM,
WLSSGFYTFD,,QCFYCL-MTM,
WSGTGFYMFD,,QCFYCL-MTM,
WAAIGFYAYD,,QCFYCL-MTM,
WLPFAFFAFA,,QCFYCL-MTM,
WGGGGFYVLV,,QCFYCL-MTM,
WGSGGFYAFT,,QCFYCL-MTM,
YSAPGFYTLG,,QCFYCL-MTM,
WATCGLYAFV,,QCFYCL-MTM,
WSSVGFYAFA,,QCFYCL-MTM,
WGGRGLYAYL,,QCFYCL-MTM,
WGSAGFYVYA,,QCFYCL-MTM,
YGAPGLYVFA,,QCFYCL-MTM,
WSGVGFYVFT,,QCFYCL-MTM,
YLGAGMYVFA,,QCFYCL-MTM,
WGGSGLYTFV,,QCFYCL-MTM,
WLGPGFYAFR,,QCFYCL-MTM,
WAARGFYVFT,,QCFYCL-MTM,
WGPSGFYVFV,,QCFYCL-MTM,
FLASSFYVFA,,QCFYCL-MTM,
WSVDGLYAFA,,QCFYCL-MTM,
WTAIGLYVFV,,QCFYCL-MTM,
WRACGFYAFD,,QCFYCL-MTM,
WSASGFYVFA,,QCFYCL-MTM,
WGACGMYVYV,,QCFYCL-MTM,
WPGSAFYVFD,,QCFYCL-MTM,
WGASGFYAYV,,QCFYCL-MTM,
WGGSGFYAFL,,QCFYCL-MTM,
WGSSGLYVYT,,QCFYCL-MTM,
YGAAGFYAFD,,QCFYCL-MTM,
WSSCGMYAYD,,QCFYCL-MTM,
WARVGFYVYV,,QCFYCL-MTM,
WSSLSFYVLD,,QCFYCL-MTM,
YLAISFYVYT,,QCFYCL-MTM,
WSVSGFYAFV,,QCFYCL-MTM,
WRSSGFYAFV,,QCFYCL-MTM,
WSSGGFYVYD,,QCFYCL-MTM,
WHRSGFYVFV,,QCFYCL-MTM,
WGGYGFYTFA,,QCFYCL-MTM,
WRSSSFYAFA,,QCFYCL-MTM,
WGGSGMYAFL,,QCFYCL-MTM,
WSAAGLYAFR,,QCFYCL-MTM,
WAGPSFYAFA,,QCFYCL-MTM,
YATSGFYVYR,,QCFYCL-MTM,
WASSGFYTFA,,QCFYCL-MTM,
WTGPGFYLFG,,S--VELCFRC,
WSGSGFYVFD,,S--VELCFRC,
WLASGMYTFV,,S--VELCFRC,
WGRPGFYVFA,,S--VELCFRC,
FGPSGFYAFA,,S--VELCFRC,
WDSNGFYVFD,,S--VELCFRC,
WLGVGMYVYT,,S--VELCFRC,
WLGLSFYAFA,,S--VELCFRC,
WGGFAMYAFA,,S--VELCFRC,
YGHPGFYALT,,S--VELCFRC,
WSASGLYAFA,,S--VELCFRC,
WSSDGLYAYV,,S--VELCFRC,
WGSTGFYALA,,S--VELCFRC,
WGGTGFYAFD,,S--VELCFRC,
YGASSFYVFA,,S--VELCFRC,
WGVNGMYVYL,,S--VELCFRC,
WPRVGFYAFA,,S--VELCFRC,
YAVCGFYAFV,,S--VELCFRC,
WDGTGFYVFL,,S--VELCFRC,
WLGCGLYAYD,,S--VELCFRC,
WASNGFYAFA,,S--VELCFRC,
YGDAGFYVFA,,S--VELCFRC,
YGACGFYALV,,S--VELCFRC,
YAGYGFYAYR,,S--VELCFRC,
YAGSGLYAYL,,S--VELCFRC,
WLSSGFYLFD,,S--VELCFRC,
WTVAGFYAFA,,S--VELCFRC,
WGASGLYAYD,,S--VELCFRC,
YGDCALYVFT,,S--VELCFRC,
WLAPGFYAFD,,S--VELCFRC,
YGSLGMYAFV,,S--VELCFRC,
FLGSGFYTLD,,S--VELCFRC,
YGNGSFYVFD,,S--VELCFRC,
WSTSSFYTFR,,S--VELCFRC,
WIASGLYALV,,S--VELCFRC,
WGSSSFYVFA,,S--VELCFRC,
FGACAFYAFV,,S--VELCFRC,
WAHAGMYAFV,,S--VELCFRC,
WGGCGFYAFA,,S--VELCFRC,
WSAHGFYVYL,,S--VELCFRC,
WSSPGLYAFA,,S--VELCFRC,
YNDFSFYAYD,,S--VELCFRC,
WITLGFYAFS,,S--VELCFRC,
WGSAGFYAFL,,S--VELCFRC,
WLASGMYALD,,S--VELCFRC,
WHGSSFYAFD,,S--VELCFRC,
WGNLGLYAFT,,S--VELCFRC,
WRGSGFYVFD,,S--VELCFRC,
WLSSSFYVFD,,S--VELCFRC,
WASCGLYAYV,,S--VELCFRC,
WGAGAFYAFV,,S--VELCFRC,
WDAGGFYVFA,,S--VELCFRC,
WLGVGFYVLT,,S--VELCFRC,
WGTSGLYVFT,,S--VELCFRC,
YAAVGLYVFN,,S--VELCFRC,
YAGSGFYAFT,,S--VELCFRC,
WAGIGMYAFS,,S--VELCFRC,
WSACGFYTFD,,S--VELCFRC,
WTGSGMYAFA,,S--VELCFRC,
WLAISLYAFA,,S--VELCFRC,
FGLVSLYAYV,,S--VELCFRC,
WGGCGFYAYV,,S--VELCFRC,
WLHDGFYTLD,,S--VELCFRC,
WAGFSFYAFI,,S--VELCFRC,
WIGAGLYAFA,,S--VELCFRC,
WLNDAFYAFD,,S--VELCFRC,
WLAGGMYPFV,,S--VELCFRC,
WRMAGMYAFV,,S--VELCFRC,
WGTSSMYAFV,,S--VELCFRC,
WIGGGFYVFD,,S--VELCFRC,
YAGSGLYAFL,,S--VELCFRC,
WGSSGFYALD,,S--VELCFRC,
YGSVGFYVFA,,S--VELCFRC,
WGVGGFYAFD,,S--VELCFRC,
WGATGLYAFD,,S--VELCFRC,
WGSSGLYVFV,,S--VELCFRC,
WLSSGFYAFA,,S--VELCFRC,
WGVPSFYALA,,S--VELCFRC,
YGASGFYAFT,,S--VELCFRC,
YGASGFYVYV,,S--VELCFRC,
WLANGFYVFD,,S--VELCFRC,
WAGGGFYAFT,,S--VELCFRC,
WTRAGFYAYA,,S--VELCFRC,
WGVVGFYAFA,,S--VELCFRC,
YSAAGFYAYV,,S--VELCFRC,
WGRCGFYVFT,,S--VELCFRC,
WLVDGFYVLA,,S--VELCFRC,
WLASGFYAYA,,S--VELCFRC,
YAGPAMYAFD,,S--VELCFRC,
WLGGGFYAYA,,S--VELCFRC,
WASCGFYVYV,,S--VELCFRC,
YGGSGMYVFT,,S--VELCFRC,
WGASGLYALV,,S--VELCFRC,
WSAAGFYAFR,,S--VELCFRC,
FGASGFYAFD,,S--VELCFRC,
WSSLGMYVFA,,S--VELCFRC,
WLAASFYVFT,,S--VELCFRC,
YGSSGFYAYV,,S--VELCFRC,
YGSLGFYAFD,,S--VELCFRC,
WATSGFYVFA,,S--VELCFRC,
WGGASFYTFV,,MH-SQDTHMP,
WSDCGFYAYA,,MH-SQDTHMP,
WSSSGFYVFR,,MH-SQDTHMP,
WLACGLYTFH,,MH-SQDTHMP,
YLLPGFYAFA,,MH-SQDTHMP,
WSAPAFYVFA,,MH-SQDTHMP,
WAGYAFYAYT,,MH-SQDTHMP,
WAVAGFYAYA,,MH-SQDTHMP,
WSDSSFYVFD,,MH-SQDTHMP,
WLAAGFYAFV,,MH-SQDTHMP,
YGPDGFYVFA,,MH-SQDTHMP,
WAASGLYAFA,,MH-SQDTHMP,
WGGLGFYAFT,,MH-SQDTHMP,
WHAFGFYAFT,,MH-SQDTHMP,
WGSGGFYVYV,,MH-SQDTHMP,
WSHGGMYVFA,,MH-SQDTHMP,
WGASGMYAFD,,MH-SQDTHMP,
WGHRGFYVLD,,MH-SQDTHMP,
WLSSGFYAFT,,MH-SQDTHMP,
WTSYGMYAFV,,MH-SQDTHMP,
WLGSGMYAFV,,MH-SQDTHMP,
YLAVGFYAFA,,MH-SQDTHMP,
WSDCSFYAFT,,MH-SQDTHMP,
YGAASFYAYA,,MH-SQDTHMP,
WGTSGFYAFV,,MH-SQDTHMP,
WAGSGFYAFA,,MH-SQDTHMP,
WLSIAFYALD,,MH-SQDTHMP,
WSGSALYAFV,,MH-SQDTHMP,
WGDSSFYAYT,,MH-SQDTHMP,
WATNGLYTFV,,MH-SQDTHMP,
WGAYGLYAYA,,MH-SQDTHMP,
YSSSGFYVFA,,MH-SQDTHMP,
WLAAGFYALT,,MH-SQDTHMP,
YLGSSFYAYD,,MH-SQDTHMP,
WGRRGFYVYA,,MH-SQDTHMP,
FASPGFYAFD,,MH-SQDTHMP,
WTAYAFYVYG,,MH-SQDTHMP,
WSGSGFYVYL,,MH-SQDTHMP,
WGAPGMYAFV,,MH-SQDTHMP,
WSAAGFYVFD,,MH-SQDTHMP,
WAAGGFYTFD,,MH-SQDTHMP,
WGTCGFYAYA,,MH-SQDTHMP,
WSSAGLYVFR,,MH-SQDTHMP,
YSGSSFYTFV,,MH-SQDTHMP,
WGPYGMYAFA,,MH-SQDTHMP,
WSASGFYVLD,,MH-SQDTHMP,
WLSSGFYAFA,,MH-SQDTHMP,
WADLGFYAFV,,MH-SQDTHMP,
YGTPGFYAFV,,MH-SQDTHMP,
WAGSGLYTFT,,MH-SQDTHMP,
WGSSGFYVFD,,MH-SQDTHMP,
WGACSFYVYV,,MH-SQDTHMP,
YAASSMYVLA,,MH-SQDTHMP,
WLLCGLYVFA,,MH-SQDTHMP,
YSHSGLYVFD,,MH-SQDTHMP,
WSATGLYVYD,,MH-SQDTHMP,
WPVGGLYVFD,,MH-SQDTHMP,
WAAAGLYAFV,,MH-SQDTHMP,
WTGPGFYVYD,,MH-SQDTHMP,
WGPFSLFAFD,,MH-SQDTHMP,
WSDSGFYTFA,,MH-SQDTHMP,
WSSLAFYAFA,,MH-SQDTHMP,
YAAFGFYAYL,,MH-SQDTHMP,
WSATGFYVYA,,MH-SQDTHMP,
WSGAGMYAYD,,MH-SQDTHMP,
WGVCAFYVFD,,MH-SQDTHMP,
WAPPGFYALT,,MH-SQDTHMP,
WAGGSFYAYD,,MH-SQDTHMP,
YLHVGFYAYA,,MH-SQDTHMP,
WGSAGLYVFV,,MH-SQDTHMP,
WAHCGFYVYA,,MH-SQDTHMP,
WGTPGFYVYD,,MH-SQDTHMP,
WGVYGFYAYA,,MH-SQDTHMP,
WLRNAMYALD,,MH-SQDTHMP,
YGDSGFYAFA,,MH-SQDTHMP,
WGLSGFYAYL,,MH-SQDTHMP,
WASCGFYAFN,,MH-SQDTHMP,
WDLVGFYVFA,,MH-SQDTHMP,
WSAYGLYAYV,,MH-SQDTHMP,
WGAAGFYAYH,,MH-SQDTHMP,
WGGSGFYAFT,,MH-SQDTHMP,
WGVSGFYVFR,,MH-SQDTHMP,
WLSVGFYVYA,,MH-SQDTHMP,
YGGSSLYTYA,,MH-SQDTHMP,
WTASGFYVYA,,MH-SQDTHMP,
WGASGFYVFL,,MH-SQDTHMP,
WGRLGFFAFD,,MH-SQDTHMP,
WGSSGFYVFS,,MH-SQDTHMP,
WTAAGFYAFR,,MH-SQDTHMP,
WLGPGMYTFD,,MH-SQDTHMP,
WLASSFYVFA,,MH-SQDTHMP,
WLRSGFYAFL,,MH-SQDTHMP,
FAGGGMYTFT,,MH-SQDTHMP,
WGGAGFYAFT,,MH-SQDTHMP,
WSGAGMYVYD,,MH-SQDTHMP,
YGGLGFYAFT,,MH-SQDTHMP,
WATCGMYAFA,,MH-SQDTHMP,
WGTPSMYVFD,,MH-SQDTHMP,
WLLSGFYAFD,,MH-SQDTHMP,
WSTGGFFVYR,,MH-SQDTHMP,
YTGSGFYAFA,,-EDMEMWCPM,
WTASGMYAFD,,-EDMEMWCPM,
WAVVGLYAFD,,-EDMEMWCPM,
YTLFGFYAFV,,-EDMEMWCPM,
WGSPGFYVYA,,-EDMEMWCPM,
WSGSGMYVFR,,-EDMEMWCPM,
WRVAGFYAFV,,-EDMEMWCPM,
WDLSGLYAFG,,-EDMEMWCPM,
YGGSGFYAFT,,-EDMEMWCPM,
WSSDGLYAFD,,-EDMEMWCPM,
WASVGFYVFR,,-EDMEMWCPM,
WALAGFYAYA,,-EDMEMWCPM,
WLASAFYAFA,,-EDMEMWCPM,
YAGFGLYAFL,,-EDMEMWCPM,
WLAVGFYAFV,,-EDMEMWCPM,
WARSGFYAFA,,-EDMEMWCPM,
FGADSFYAFL,,-EDMEMWCPM,
WLLSGFYAYT,,-EDMEMWCPM,
WTNFGFYTLD,,-EDMEMWCPM,
FGSSGLYAFA,,-EDMEMWCPM,
YVAPGLYAYD,,-EDMEMWCPM,
WSAAGLYVLT,,-EDMEMWCPM,
WGGPGFYVFV,,-EDMEMWCPM,
WGGASFYVLV,,-EDMEMWCPM,
WGASGFYAFL,,-EDMEMWCPM,
WAASGLYAFD,,-EDMEMWCPM,
WLVPSMYAFV,,-EDMEMWCPM,
WATCGFYAFA,,-EDMEMWCPM,
WGASGLYVFD,,-EDMEMWCPM,
FRGAALYAFD,,-EDMEMWCPM,
WSASGLYVYA,,-EDMEMWCPM,
WAAAGFYAFV,,-EDMEMWCPM,
WGTSGFYVYD,,-EDMEMWCPM,
WGPVGFYALG,,-EDMEMWCPM,
WLSAGFYAFA,,-EDMEMWCPM,
WASPGFYAFL,,-EDMEMWCPM,
WSLTGFYAFD,,-EDMEMWCPM,
WAACSFYAFD,,-EDMEMWCPM,
WGGSGLYVFT,,-EDMEMWCPM,
YASGGFYTFD,,-EDMEMWCPM,
WHAGGLYAFL,,-EDMEMWCPM,
WGANGFYVYD,,-EDMEMWCPM,
WGGSGFYAYA,,-EDMEMWCPM,
YGAVGFYVYA,,-EDMEMWCPM,
WGVVSFYAFT,,-EDMEMWCPM,
FAGSGFYTLA,,-EDMEMWCPM,
WLLAGFYAFL,,-EDMEMWCPM,
WLACGFFAFT,,-EDMEMWCPM,
WSSSGFYAFV,,-EDMEMWCPM,
WLGSGFYTFD,,-EDMEMWCPM,
WLGSGLYALV,,-EDMEMWCPM,
YLSSGFYVYG,,-EDMEMWCPM,
WASSGLYAYD,,-EDMEMWCPM,
WGTPGFYVFT,,-EDMEMWCPM,
WRSCGLYAYV,,-EDMEMWCPM,
WSRDGFYAFV,,-EDMEMWCPM,
WAGVGFYAYT,,-EDMEMWCPM,
WGNAGFYAYD,,-EDMEMWCPM,
WANPGFFALD,,-EDMEMWCPM,
YIAAGFYAHA,,-EDMEMWCPM,
WGRGGFYALA,,-EDMEMWCPM,
WSASGLYAYR,,-EDMEMWCPM,
WGESGFYAFA,,-EDMEMWCPM,
WADPSFYAFV,,-EDMEMWCPM,
WLVDGFYAHV,,-EDMEMWCPM,
YGNDAFYVFL,,-EDMEMWCPM,
WGTSGFYVFD,,-EDMEMWCPM,
YAAAGLYVYA,,-EDMEMWCPM,
WSGSGMYAFV,,-EDMEMWCPM,
WGGPGMYAYD,,-EDMEMWCPM,
WSHCGFYAFR,,-EDMEMWCPM,
WARSGFYAFV,,-EDMEMWCPM,
YATGGLYAYA,,-EDMEMWCPM,
YGACGFYVFT,,-EDMEMWCPM,
WGASGLYAFT,,-EDMEMWCPM,
WGAVGFYMFT,,-EDMEMWCPM,
WIACGLYVFD,,-EDMEMWCPM,
YTAGGFYAFA,,-EDMEMWCPM,
WGSSGFYALA,,-EDMEMWCPM,
YGSASFYAYV,,-EDMEMWCPM,
WISLGLYAFA,,-EDMEMWCPM,
YGASGFYVFV,,-EDMEMWCPM,
WLARGMFTFD,,-EDMEMWCPM,
WAGAGFYAYT,,-EDMEMWCPM,
WGATGFYAYA,,-EDMEMWCPM,
WSGPGFYAFS,,-EDMEMWCPM,
WSRCGFYALD,,-EDMEMWCPM,
WLRCGMYAFA,,-EDMEMWCPM,
WAASGFYAFA,,-EDMEMWCPM,
WGTIGFYTFD,,-EDMEMWCPM,
YARTGFYVLA,,-EDMEMWCPM,
WATYGMYAYD,,-EDMEMWCPM,
WATCGFYAFL,,-EDMEMWCPM,
WLGTGFYAFA,,-EDMEMWCPM,
WALSGMFVFR,,-EDMEMWCPM,
WSGAGFYVYR,,-EDMEMWCPM,
WSSGGLYAYV,,-EDMEMWCPM,
YGDVGFYAFV,,-EDMEMWCPM,
WGASGFYAFA,,-EDMEMWCPM,
WAGSGFYAFP,,-EDMEMWCPM,
YGNGGLYAFR,,SDNAFCHTID,
WGACGFYVYT,,SDNAFCHTID,
WAGGSLYVFA,,SDNAFCHTID,
WLNCAFYAFA,,SDNAFCHTID,
YGPCGFYAYL,,SDNAFCHTID,
WLSSGFYAFA,,SDNAFCHTID,
WGGGGFYVFD,,SDNAFCHTID,
WTGYSLYAYV,,SDNAFCHTID,
WGTSGMYVYA,,SDNAFCHTID,
YTDSGMYVFD,,SDNAFCHTID,
WSLSGFFAFD,,SDNAFCHTID,
WGLSGLYVFV,,SDNAFCHTID,
WAAAGMYVFD,,SDNAFCHTID,
YGSIGFYAFV,,SDNAFCHTID,
WSASGLYAFV,,SDNAFCHTID,
WSGSGLYAFV,,SDNAFCHTID,
WIVDSFYAFV,,SDNAFCHTID,
FGSFAFYALV,,SDNAFCHTID,
YAATSFFAFT,,SDNAFCHTID,
WAALGFYAFA,,SDNAFCHTID,
WSSCGLYAFA,,SDNAFCHTID,
YGASGMYAFA,,SDNAFCHTID,
WRSASLYALV,,SDNAFCHTID,
WSGPSLYAFV,,SDNAFCHTID,
WTGCGFYAFT,,SDNAFCHTID,
YGRSGMYAFV,,SDNAFCHTID,
WIAGGFYAFA,,SDNAFCHTID,
WAGPGFYAYL,,SDNAFCHTID,
WAIPGFYAFA,,SDNAFCHTID,
WSSAGLFTFA,,SDNAFCHTID,
YGTSGFYAFL,,SDNAFCHTID,
WLRPALYALD,,SDNAFCHTID,
WAVSGFYTLV,,SDNAFCHTID,
YGPSGFYAFA,,SDNAFCHTID,
YLATGLYAFA,,SDNAFCHTID,
WGTVGFYVYD,,SDNAFCHTID,
WGLNSFFTYV,,SDNAFCHTID,
YLVLAFYAFT,,SDNAFCHTID,
WGVVGLYAFA,,SDNAFCHTID,
WAAYGFYVFD,,SDNAFCHTID,
YSVSSMYAYP,,SDNAFCHTID,
WGASGFYVYA,,SDNAFCHTID,
WAASGLYVYT,,SDNAFCHTID,
WAADGLYALV,,SDNAFCHTID,
WTAAGFYAYD,,SDNAFCHTID,
WASLGFYAFT,,SDNAFCHTID,
WALSGFYAFT,,SDNAFCHTID,
WNASGLYTFT,,SDNAFCHTID,
WGSSGFYVFA,,SDNAFCHTID,
WPGAGFYVFD,,SDNAFCHTID,
WRGSGMYAFD,,SDNAFCHTID,
WSVSGFYVFD,,SDNAFCHTID,
WLGAGLYAYA,,SDNAFCHTID,
WSGASLYAFV,,SDNAFCHTID,
WGASGFYAFA,,SDNAFCHTID,
WRGNSFYAFD,,SDNAFCHTID,
WAGSGLYALA,,SDNAFCHTID,
WGGHGFYAYR,,SDNAFCHTID,
WGVDGFYAFD,,SDNAFCHTID,
YGGTGFYVLD,,SDNAFCHTID,
WLTSGFYAFD,,SDNAFCHTID,
YAGPGFYVYA,,SDNAFCHTID,
WSSCGLYAFV,,SDNAFCHTID,
WSANGLYVFV,,SDNAFCHTID,
WGRCGLYAFA,,SDNAFCHTID,
WGASGLYAFV,,SDNAFCHTID,
WLAAGFYVFR,,SDNAFCHTID,
WSAGGLYAYA,,SDNAFCHTID,
WHSPGFYVFT,,SDNAFCHTID,
WAALSMYVFV,,SDNAFCHTID,
WAGRSLYVLA,,SDNAFCHTID,
WSDDGFYVYA,,SDNAFCHTID,
YGGAGLYVFV,,SDNAFCHTID,
WLGSGFYAYT,,SDNAFCHTID,
WGASSLYAFN,,SDNAFCHTID,
WSGPGMYVFA,,SDNAFCHTID,
WLGVGFYVFD,,SDNAFCHTID,
WGAAGFYAYD,,SDNAFCHTID,
YAHSSFYAFR,,SDNAFCHTID,
WRSVGMYAFA,,SDNAFCHTID,
YGRPGFYVYR,,SDNAFCHTID,
WHGCGMYAFL,,SDNAFCHTID,
WRSLGFYAFA,,SDNAFCHTID,
WAASGFYVYA,,SDNAFCHTID,
WSRSGFYVYT,,SDNAFCHTID,
WGRSGMYAFA,,SDNAFCHTID,
WSDSGFYAFL,,SDNAFCHTID,
WGAPSFYAFL,,SDNAFCHTID,
WDAPGFYAFV,,SDNAFCHTID,
WATSSFYVYD,,SDNAFCHTID,
WAAPSLYAYA,,SDNAFCHTID,
WRGGGFYAFT,,SDNAFCHTID,
WNAGGLYAFV,,SDNAFCHTID,
WLACGFFAFA,,SDNAFCHTID,
WLASAMYAYD,,SDNAFCHTID,
WLSCSFYAFA,,SDNAFCHTID,
WGGYGLYAFT,,SDNAFCHTID,
WAAFGLYAFL,,SDNAFCHTID,
WTALGMFAFD,,SDNAFCHTID,
WLSGGFYAFT,,SDNAFCHTID,
YGTSGFYAFA,,AKKPIIHNTG,
WLGPGFYVYA,,AKKPIIHNTG,
WAPSGFYAFD,,AKKPIIHNTG,
YAAPGFYAYA,,AKKPIIHNTG,
WLSPGLYAHD,,AKKPIIHNTG,
WSGVSFYVFT,,AKKPIIHNTG,
YGSSGFFVYL,,AKKPIIHNTG,
YAASSFYVFT,,AKKPIIHNTG,
YGTSGFYVYT,,AKKPIIHNTG,
WLAAGMYTLD,,AKKPIIHNTG,
YSAGGFFAYL,,AKKPIIHNTG,
WSLSSMYTLL,,AKKPIIHNTG,
WANSALYAFD,,AKKPIIHNTG,
WLSSGFYALD,,AKKPIIHNTG,
WGLTGMYTFV,,AKKPIIHNTG,
WHASGFYAYV,,AKKPIIHNTG,
WGAGGFYVYA,,AKKPIIHNTG,
WRLIGFYAFD,,AKKPIIHNTG,
FGSSSFYAFA,,AKKPIIHNTG,
WAVAGLYVFD,,AKKPIIHNTG,
WTSPGFYAFD,,AKKPIIHNTG,
WSGGGFYAFD,,AKKPIIHNTG,
YSLSSMYTFV,,AKKPIIHNTG,
WAVCSFYAFA,,AKKPIIHNTG,
WSRHGFYAFD,,AKKPIIHNTG,
WLTSGFYAFD,,AKKPIIHNTG,
WARLGFYVFV,,AKKPIIHNTG,
WRAAGLYAFL,,AKKPIIHNTG,
WGDGGLYAYD,,AKKPIIHNTG,
WGLPGFYAYA,,AKKPIIHNTG,
WADSGFYAFT,,AKKPIIHNTG,
WHASGFYAFV,,AKKPIIHNTG,
WGACGLYAFV,,AKKPIIHNTG,
WSAAGFYVYD,,AKKPIIHNTG,
WSGDGFYAFA,,AKKPIIHNTG,
WGGCSFYAYT,,AKKPIIHNTG,
YLTTGFYAFD,,AKKPIIHNTG,
WSNCGMYAFD,,AKKPIIHNTG,
WGTAGFFAYR,,AKKPIIHNTG,
WASCGMYVFL,,AKKPIIHNTG,
WLRYGFYAFV,,AKKPIIHNTG,
WSASGMYAFL,,AKKPIIHNTG,
WLGYGLYAFV,,AKKPIIHNTG,
WLAASLYVFD,,AKKPIIHNTG,
YLASGLYVFD,,AKKPIIHNTG,
YTGVGLYAFA,,AKKPIIHNTG,
WSSTGLFAYV,,AKKPIIHNTG,
YAAAGFYVFT,,AKKPIIHNTG,
WTGPGFYAYD,,AKKPIIHNTG,
WLRAGMYVFV,,AKKPIIHNTG,
WGRVGMYAFD,,AKKPIIHNTG,
WSAYGFYVFT,,AKKPIIHNTG,
YAGAGFFALA,,AKKPIIHNTG,
WHSGGMYAFV,,AKKPIIHNTG,
WGACGFYVYA,,AKKPIIHNTG,
YAASGFYTFA,,AKKPIIHNTG,
WADCGLYTYA,,AKKPIIHNTG,
WGRGGFYAYA,,AKKPIIHNTG,
WASSGMYVFA,,AKKPIIHNTG,
YHNSSFYAYD,,AKKPIIHNTG,
WGDFGFYAFD,,AKKPIIHNTG,
WLRSSLYAFD,,AKKPIIHNTG,
WASRGFYAYR,,AKKPIIHNTG,
WGPSGFYAFD,,AKKPIIHNTG,
WGASGMYAFA,,AKKPIIHNTG,
WLATGFYVLD,,AKKPIIHNTG,
YGASGLYVLA,,AKKPIIHNTG,
WGVYGLYAYV,,AKKPIIHNTG,
FGAAGMYALA,,AKKPIIHNTG,
WAADGFYTFR,,AKKPIIHNTG,
WTTSGFFAFT,,AKKPIIHNTG,
WGSPGLYTFD,,AKKPIIHNTG,
WGACGFYAFT,,AKKPIIHNTG,
WSLGGFYAYD,,AKKPIIHNTG,
WSASGMYAHD,,AKKPIIHNTG,
WSSAGFYAHD,,AKKPIIHNTG,
WASSGFYAFT,,AKKPIIHNTG,
YLGSGFYAYV,,AKKPIIHNTG,
WLANGFYTFV,,AKKPIIHNTG,
WRSCGFYAFV,,AKKPIIHNTG,
WRSHGFYAFT,,AKKPIIHNTG,
WARSAFYVLA,,AKKPIIHNTG,
WRNPSFYAFD,,AKKPIIHNTG,
WASSSLYAYA,,AKKPIIHNTG,
FGTCGLYTYL,,AKKPIIHNTG,
WAAISFYAFA,,AKKPIIHNTG,
WSVAGLYAFT,,AKKPIIHNTG,
WAVFGMYTFA,,AKKPIIHNTG,
YSGCGFYAYS,,AKKPIIHNTG,
WSGRSFYVFA,,AKKPIIHNTG,
WLGTSLYAFL,,AKKPIIHNTG,
YSNFGFYAFS,,AKKPIIHNTG,
WGGCGLFAFL,,AKKPIIHNTG,
WLGAGFYTLA,,AKKPIIHNTG,
WGSVGFYAYA,,AKKPIIHNTG,
FSGSSFYAFA,,AKKPIIHNTG,
WGTSGLYVFV,,AKKPIIHNTG,
WAASGFYAYV,,AKKPIIHNTG,
YGSVGFYAFA,,AKKPIIHNTG,
WLGCGFYVFA,,AKKPIIHNTG,
WLGSGFYVFV,,VHWSAHLIRG,
WGSCGMYAFD,,VHWSAHLIRG,
WGASSFYAFD,,VHWSAHLIRG,
YGGAGFYAFV,,VHWSAHLIRG,
WLGASFYTYD,,VHWSAHLIRG,
WAACGLYAFA,,VHWSAHLIRG,
WLILSLYAFA,,VHWSAHLIRG,
WLGPGFYVFG,,VHWSAHLIRG,
YGHLAFYVFV,,VHWSAHLIRG,
WDAAGMYALT,,VHWSAHLIRG,
WGGAGFYAFV,,VHWSAHLIRG,
WSSHGFYAFV,,VHWSAHLIRG,
WSAGGMYAFL,,VHWSAHLIRG,
WSSISFYALD,,VHWSAHLIRG,
WSAGGFYAFL,,VHWSAHLIRG,
WDNHGLYTFD,,VHWSAHLIRG,
FGNLSFYAFV,,VHWSAHLIRG,
WLVGGMYVFL,,VHWSAHLIRG,
WAAFGLYALA,,VHWSAHLIRG,
WTAAGFYVFT,,VHWSAHLIRG,
WGGNGFYAFA,,VHWSAHLIRG,
WAGVGFYAFR,,VHWSAHLIRG,
YAGAGFFMFD,,VHWSAHLIRG,
WARCGFYAFR,,VHWSAHLIRG,
WATGSFYTYA,,VHWSAHLIRG,
WTVGGMYVYA,,VHWSAHLIRG,
WTVSGFYVFR,,VHWSAHLIRG,
WDVSGLYAFA,,VHWSAHLIRG,
YPVSGFFAYD,,VHWSAHLIRG,
WSASGFYVFA,,VHWSAHLIRG,
WTAPGFYVFR,,VHWSAHLIRG,
WSASGFYVFD,,VHWSAHLIRG,
WAAPGFYAFV,,VHWSAHLIRG,
WLGVGFFALT,,VHWSAHLIRG,
WSVCSFYAYD,,VHWSAHLIRG,
WGPTGFYAFD,,VHWSAHLIRG,
WGVSGFYVFD,,VHWSAHLIRG,
WIRVSLYVFT,,VHWSAHLIRG,
WGSCGFYMYD,,VHWSAHLIRG,
WGADGFYVFL,,VHWSAHLIRG,
YGGAAFYVLA,,VHWSAHLIRG,
WRPSGLYVYD,,VHWSAHLIRG,
WGSPSFYMFD,,VHWSAHLIRG,
WLHSGFYAFR,,VHWSAHLIRG,
WGRVGFYVFA,,VHWSAHLIRG,
WPGDGMYVFD,,VHWSAHLIRG,
WGVISLYVYA,,VHWSAHLIRG,
WGDRGFYAFA,,VHWSAHLIRG,
FAASGFYALR,,VHWSAHLIRG,
YLACSFFVYV,,VHWSAHLIRG,
WATPGFYVLV,,VHWSAHLIRG,
WADGGFYAFA,,VHWSAHLIRG,
WASLGMYTFD,,VHWSAHLIRG,
YGVVGFYAFA,,VHWSAHLIRG,
YALCGFYAYD,,VHWSAHLIRG,
YASAGLYALR,,VHWSAHLIRG,
WGGSGMYVYT,,VHWSAHLIRG,
WLSCGMYTFV,,VHWSAHLIRG,
WGGFGFYAYL,,VHWSAHLIRG,
WTSLALYAYA,,VHWSAHLIRG,
YSSVGLYAFR,,VHWSAHLIRG,
WGGNGLYAFS,,VHWSAHLIRG,
WTACGFYAFS,,VHWSAHLIRG,
WGACGFYAFD,,VHWSAHLIRG,
WGGGGFYAFA,,VHWSAHLIRG,
WASFGFYTFN,,VHWSAHLIRG,
WGNNGFFVFR,,VHWSAHLIRG,
WAAVSFYAFV,,VHWSAHLIRG,
WSLLGLYTFA,,VHWSAHLIRG,
WASIGLYAFS,,VHWSAHLIRG,
WANCGFYVFV,,VHWSAHLIRG,
WDASGMYAYA,,VHWSAHLIRG,
YGSPGFYVFA,,VHWSAHLIRG,
WGTPGFYVFD,,VHWSAHLIRG,
WSTIGFYAFV,,VHWSAHLIRG,
WPASGFYVFA,,VHWSAHLIRG,
WNANGFYAFG,,VHWSAHLIRG,
WSTFSMYAYA,,VHWSAHLIRG,
WTGSGFYAFD,,VHWSAHLIRG,
WTGAGLYVYD,,VHWSAHLIRG,
WLGTGFYAFV,,VHWSAHLIRG,
WTGSGLYAFA,,VHWSAHLIRG,
YSGTALYVFR,,VHWSAHLIRG,
WSRHGFYAFA,,VHWSAHLIRG,
WGSSGMYVYD,,VHWSAHLIRG,
WGANGLYALA,,VHWSAHLIRG,
YLSSGMYVYA,,VHWSAHLIRG,
WLGAGFYVFD,,VHWSAHLIRG,
WTASGFYVLT,,VHWSAHLIRG,
WGASGFYVYV,,VHWSAHLIRG,
WLALGFYALT,,VHWSAHLIRG,
WLAGGFYAFA,,VHWSAHLIRG,
WGPTGFYAYL,,VHWSAHLIRG,
WGNSGFYAFV,,VHWSAHLIRG,
WHRVGFYTFA,,VHWSAHLIRG,
WTASSFYVFA,,VHWSAHLIRG,
YLRDGFYALD,,VHWSAHLIRG,
WSANGFYVYA,,VHWSAHLIRG,
WGANGFYAYD,,VHWSAHLIRG,
WGASGLYAFV,,VHWSAHLIRG,
YGAASFYAFD,,NQVENTAY-S,
WGGVGLYAYD,,NQVENTAY-S,
WALVGFYAFR,,NQVENTAY-S,
WGAASFYVYV,,NQVENTAY-S,
WLGSGFYAFV,,NQVENTAY-S,
WSSSGFYVFA,,NQVENTAY-S,
WLAPSMYTFT,,NQVENTAY-S,
WGGSSLYTFV,,NQVENTAY-S,
FAAGSFYAYR,,NQVENTAY-S,
FGALGFYAFA,,NQVENTAY-S,
WGGDGFYAYA,,NQVENTAY-S,
WDIPSLYAFD,,NQVENTAY-S,
YSGTGFYAFV,,NQVENTAY-S,
WAACGLYAFV,,NQVENTAY-S,
FGAGSFYAYA,,NQVENTAY-S,
YGASGFYAFA,,NQVENTAY-S,
WSASGFYAYD,,NQVENTAY-S,
WRASGFYVFD,,NQVENTAY-S,
WLSPGFYAFG,,NQVENTAY-S,
WRAPGFYTFV,,NQVENTAY-S,
WSGSGFYVYA,,NQVENTAY-S,
WGNSGFYAFD,,NQVENTAY-S,
WSAPGFYVFV,,NQVENTAY-S,
WGPCGFYAYV,,NQVENTAY-S,
WTASGFYVYA,,NQVENTAY-S,
WADAGFYTFL,,NQVENTAY-S,
WSARSFYAFA,,NQVENTAY-S,
WGRCGFYVFT,,NQVENTAY-S,
WLTSSFYTFD,,NQVENTAY-S,
WSAVGFYAFD,,NQVENTAY-S,
WGSSGFYAFV,,NQVENTAY-S,
WSDVGFYAFV,,NQVENTAY-S,
WLASGFYAFS,,NQVENTAY-S,
WGGSGFYAFA,,NQVENTAY-S,
WGGAGFYTFV,,NQVENTAY-S,
WSDNGFYVFA,,NQVENTAY-S,
WSATSFYVFD,,NQVENTAY-S,
WLASGFYAYA,,NQVENTAY-S,
WGRSGFYVLA,,NQVENTAY-S,
WDVCGFYVYD,,NQVENTAY-S,
WLASSFYAFR,,NQVENTAY-S,
WGVCGFYAFA,,NQVENTAY-S,
YAASGFYVYT,,NQVENTAY-S,
YLASGFYTFR,,NQVENTAY-S,
WGGHGFYALD,,NQVENTAY-S,
WTGVGFYAFT,,NQVENTAY-S,
WRNSGFYTFD,,NQVENTAY-S,
YNGAGFYTFD,,NQVENTAY-S,
WGAAGFYALA,,NQVENTAY-S,
WAANGMYVFV,,NQVENTAY-S,
WLVSSFYVFD,,NQVENTAY-S,
WLGSGMYTYA,,NQVENTAY-S,
YGSIGLFAFA,,NQVENTAY-S,
YGGSSLYALT,,NQVENTAY-S,
WGGTGFYAYP,,NQVENTAY-S,
WSLTGFYVFD,,NQVENTAY-S,
YGVNSMYVYL,,NQVENTAY-S,
WAACGFYVFA,,NQVENTAY-S,
YGASGMYAFT,,NQVENTAY-S,
WGPSGMYAFT,,NQVENTAY-S,
FGNPGFYAFV,,NQVENTAY-S,
WHVTGLYAFA,,NQVENTAY-S,
WLVCGFYAFA,,NQVENTAY-S,
FGANGFYVFA,,NQVENTAY-S,
YGVSGMYAFV,,NQVENTAY-S,
YGGASFYAFD,,NQVENTAY-S,
WRASGMYAFT,,NQVENTAY-S,
YGGSGFYVFA,,NQVENTAY-S,
WHDNGFYAFT,,NQVENTAY-S,
WLACGFYVFA,,NQVENTAY-S,
WLASGLYAFT,,NQVENTAY-S,
WGGVGFYAYT,,NQVENTAY-S,
WGLLGMYTFD,,NQVENTAY-S,
WAASGFYVFA,,NQVENTAY-S,
YGDSGLYAFV,,NQVENTAY-S,
WSLSGMYAYN,,NQVENTAY-S,
WIGLGMYAFT,,NQVENTAY-S,
WGTPAFYAYA,,NQVENTAY-S,
WGSAGLYAFV,,NQVENTAY-S,
WGSSSFYAFD,,NQVENTAY-S,
WTTSSFYAFA,,NQVENTAY-S,
YATLSFYVLR,,NQVENTAY-S,
WAAAGLYALD,,NQVENTAY-S,
WSSSGFYVFL,,NQVENTAY-S,
WSLSSFYAFV,,NQVENTAY-S,
YHSDSFYAFA,,NQVENTAY-S,
YAGNGFYAFV,,NQVENTAY-S,
WGSTSMYAFN,,NQVENTAY-S,
WLALGFYALD,,NQVENTAY-S,
WSTIGLYVFV,,NQVENTAY-S,
WLGYGFYAFL,,NQVENTAY-S,
WASSGLYAFA,,NQVENTAY-S,
YSSLGFYTFA,,NQVENTAY-S,
WGGFGMYAFV,,NQVENTAY-S,
WLGASFYAFD,,NQVENTAY-S,
YGPPGFYALA,,NQVENTAY-S,
YLTAGFYAFA,,NQVENTAY-S,
WGAFSFYAFT,,NQVENTAY-S,
WDAASFYAFD,,NQVENTAY-S,
WGLASLYVYG,,NQVENTAY-S,
WGACGFYAFV,,EIRTETYWYV,
WAHFGFYAFS,,EIRTETYWYV,
WLATGLYAFR,,EIRTETYWYV,
WLGPGMYAFD,,EIRTETYWYV,
YGASAFYAYA,,EIRTETYWYV,
WRSAGFYTLD,,EIRTETYWYV,
WHACGMFAFP,,EIRTETYWYV,
YLSVGLYAFA,,EIRTETYWYV,
WAASSFYAFA,,EIRTETYWYV,
WAGVGFYAFL,,EIRTETYWYV,
WLSSGFYVFD,,EIRTETYWYV,
WGLAGFYVFA,,EIRTETYWYV,
WGTYGFYTFV,,EIRTETYWYV,
WGSAGFYAFD,,EIRTETYWYV,
WARSGMYAFD,,EIRTETYWYV,
WAPLGFYVFA,,EIRTETYWYV,
WGGAGFYAFD,,EIRTETYWYV,
YGVCGFYAFT,,EIRTETYWYV,
WSHPGFYAFD,,EIRTETYWYV,
WGSSGFYAFV,,EIRTETYWYV,
WSHHGFYAFD,,EIRTETYWYV,
WASNSLYVLA,,EIRTETYWYV,
WSAYGFYAFD,,EIRTETYWYV,
WLASGFYAFD,,EIRTETYWYV,
YGSFGLYALA,,EIRTETYWYV,
WGNPSFYAFD,,EIRTETYWYV,
WLACGLYVLD,,EIRTETYWYV,
YAAVGFYAFD,,EIRTETYWYV,
WLASSFYAFL,,EIRTETYWYV,
WAGPGFYAFR,,EIRTETYWYV,
WAGSGFYVFR,,EIRTETYWYV,
WSSNGMYAFD,,EIRTETYWYV,
WRVSGFYAFD,,EIRTETYWYV,
YGGSSLYAYT,,EIRTETYWYV,
WGASGFYAFA,,EIRTETYWYV,
WAASGFYAFT,,EIRTETYWYV,
WARGSFYAFV,,EIRTETYWYV,
WLDPGFYAYA,,EIRTETYWYV,
WGGSGFYVYD,,EIRTETYWYV,
WIDSGFYAFV,,EIRTETYWYV,
WASGGFYAFA,,EIRTETYWYV,
WGASGFYTFD,,EIRTETYWYV,
WSAAGFYVFD,,EIRTETYWYV,
WRADGFYAFD,,EIRTETYWYV,
WLGCGFYAFL,,EIRTETYWYV,
WGSCGFYVFV,,EIRTETYWYV,
WSTPSFYAYD,,EIRTETYWYV,
YGRAGFYAFD,,EIRTETYWYV,
WSAYGFYAFD,,EIRTETYWYV,
YSSGSFYVFL,,EIRTETYWYV,
YDGPGFYAFA,,EIRTETYWYV,
WGLSGLYAFG,,EIRTETYWYV,
WTVDGLYAFA,,EIRTETYWYV,
WAARGFYAYD,,EIRTETYWYV,
WSASGFYAFT,,EIRTETYWYV,
WSAHGLYAFR,,EIRTETYWYV,
WSACGMYAYT,,EIRTETYWYV,
WSSSGFYAFD,,EIRTETYWYV,
WLAFGMYAFA,,EIRTETYWYV,
WSGSSMYAYA,,EIRTETYWYV,
WSACGFFAFA,,EIRTETYWYV,
WSSCGFYTFA,,EIRTETYWYV,
YSVDAMYVFA,,EIRTETYWYV,
YGSRGFYALL,,EIRTETYWYV,
WSSSGFYAFR,,EIRTETYWYV,
WAAGGMYAYA,,EIRTETYWYV,
WSRSGLYAFA,,EIRTETYWYV,
WPGVGFYAFA,,EIRTETYWYV,
WASHGFYTLS,,EIRTETYWYV,
WSAPGFYTFD,,EIRTETYWYV,
WSIVGFYAFA,,EIRTETYWYV,
WGSSGFYTFA,,EIRTETYWYV,
WNGPAYFALA,,EIRTETYWYV,
WLSNGFYAFA,,EIRTETYWYV,
YGGPGLYAFR,,EIRTETYWYV,
WAGSGFYVYL,,EIRTETYWYV,
WASTGLYAFA,,EIRTETYWYV,
WGSCGFYAFS,,EIRTETYWYV,
WGACGMYVFD,,EIRTETYWYV,
YRVPGLYAFD,,EIRTETYWYV,
WSACGFYAFT,,EIRTETYWYV,
WLLSGFYAFA,,EIRTETYWYV,
WAANGFYVYR,,EIRTETYWYV,
WSALGMYTFT,,EIRTETYWYV,
WGNSGFYAFV,,EIRTETYWYV,
WGGRGFYAFT,,EIRTETYWYV,
YGVAGLYAFV,,EIRTETYWYV,
YLASGFYAFT,,EIRTETYWYV,
YAAAGFYVYV,,EIRTETYWYV,
WGSLGFFTFA,,EIRTETYWYV,
WSLCGFYALV,,EIRTETYWYV,
WGGNGMYAFR,,EIRTETYWYV,
FGGPGFYALL,,EIRTETYWYV,
YGAPGLYAFT,,EIRTETYWYV,
YGAAGMYAFV,,EIRTETYWYV,
WLGSGFYAFD,,EIRTETYWYV,
WIAAGFYAFV,,EIRTETYWYV,
YSASSFYAYA,,EIRTETYWYV,
YSDVSFYAFT,,EIRTETYWYV,
WAGSGLYAFV,,EIRTETYWYV,
